Common.Return	戻る
Common.Ok	OK
Common.Cancel	キャンセル
Common.Yes	はい
Common.No	いいえ
Common.Close	閉じる
Common.Slot	スロット{index}
Option.Title	オプション
Option.Close	閉じる
Option.Video	【ビデオ】
Option.Audio	【オーディオ】
Option.Language	【言語】
Option.FullScreen	全画面
Option.VSync	垂直同期
Option.Music	音楽
Option.SoundEffect	効果音
Title.Points	{points} ポイント
Title.ClayEdit	モンスターエディット
Title.BattleNpc	CPU戦
Title.BattlePvp	対人戦
Title.Training	育成
Title.SkillTree	スキルツリー
Title.ModelGallery	展示室
Title.Option	オプション
Title.Quit	ゲームをやめる
Battle.Draw	引き分け
Battle.Victory	{winnerName} の勝利！
Battle.RangeLabel	射程
Battle.Distance	距離 {distance}
Battle.TipsBody	【操作】\n後退/接近で移動\n技ボタンで攻撃\nカウンターと部位破壊を使おう
Battle.TipsEscHint	Esc でチュートリアル表示
Battle.HintPartRepair	右クリック長押しで部位復旧
Battle.HintKnockbackReady	ふきとばし可能
Battle.HintCounter	カウンター！{part}技で迎撃
Battle.HintAttackLockout	攻撃クールダウン中
Battle.HintChain	チェーン x{count}
Battle.Miss	ミス
Battle.BandClose	近距離
Battle.BandMid	中距離
Battle.BandFar	遠距離
Battle.HitHigh	高
Battle.HitMid	中
Battle.HitLow	低
Battle.HitVeryLow	極低
Battle.PartArm	腕
Battle.PartLeg	脚
Battle.PartFront	前
Battle.PartBack	後
Battle.PartBody	なし
Battle.Leave	戻る
Motion.LowSweep	足払い
Motion.Kick	キック
Motion.ShoulderRam	ショルダー
Motion.HipCheck	腰ブン
Motion.Stomp	ストンプ
Motion.Punch	パンチ
Motion.Elbow	エルボー
Motion.BellyFlop	のしかかり
Motion.Headbutt	頭突き
Motion.Fireball	ファイアーボール
Motion.Bite	噛みつき
Motion.TailWhip	しっぽ攻撃
Motion.ThunderShock	サンダーショック
Motion.DiamondDust	ダイヤモンドダスト
Motion.SpinTackle	回転タックル
Motion.Uppercut	アッパー
Motion.WindSlasher	ウィンドスラッシャー
Motion.BodySlam	ボディスラム
Motion.Knee	膝蹴り
Motion.GroundPound	地叩き
Motion.Slap	平打ち
Motion.Tackle	タックル
BattlePvp.DisconnectMessage	通信が切れました
BattlePvp.DisconnectClose	閉じる
ModelGallery.Points	{points} ポイント
ModelGallery.PostConfirm	投稿しますか？
ModelGallery.Slot	スロット
Enemy.Weak	弱い
Enemy.Normal	普通
Enemy.Strong	強い
Enemy.VeryStrong	超強い
Enemy.Strongest	最強
Training.ModeSelectTitle	育成方法を選んでください
Training.ResumeTitle	育成途中のデータがあります
Training.AmbushTitle	強敵急襲
Training.AmbushTitleBang	強敵急襲！
Training.AmbushEnemyDefault	強敵
Training.AmbushMessage	{name}が襲いかかってきた\n戦うか逃げるか選んでください
Training.Complete	育成完了
Training.Motivation	やる気
Training.LearnedHeader	▼習得する技
Training.SwapHeader	▼入れ替えるスロット
Training.AttackComposition	▼技構成
Training.AttackCompositionNone	▼技構成\nなし
Training.Inheritance	継承
Training.SaveOverwrite	育成済みスロット{slot}のデータを上書き保存します
Training.SaveTo	育成済みスロット{slot}へ保存します
Training.SaveDestNotSelected	育成済みデータの保存先が選ばれませんでした
Training.SaveFailed	育成済みデータの保存に失敗しました\n未育成データは保持されています
Training.AmbushStartFailed	強敵急襲の戦闘を開始できませんでした
Training.SwapSlotResult	スロット{slot}を入れ替え
Training.ChooseSave	保存先を選ぶ
Training.DeleteConfirm	スロット{slot}「{name}」を削除しますか？
Training.ModelNamePlaceholder	モデル名を入力
Training.TrainedSlot	育成済みスロット{index}
SkillTree.SelectNode	ノードを選択してください
SkillTree.Unlock	解放
SkillTree.Unlocked	解放済
SkillTree.PointsShort	ポイントが不足しています
SkillTree.BonusHeader	【獲得効果】
SkillTree.StatStartHp	開始HP
SkillTree.StatStartAtk	開始攻撃
SkillTree.StatStartDef	開始防御
SkillTree.StatStartSpd	開始速度
SkillTree.StatStartHit	開始命中
SkillTree.StatStartAll	開始全ステ
SkillTree.StatGreatSuccess	大成功率
SkillTree.StatStartMoney	開始所持金
SkillTree.StatTrainMoney	育成獲得金
SkillTree.StatPoints	対戦ポイント
SkillTree.StatInherit	継承上昇
SkillTree.StatNone	─
SkillTree.Node.Center.Name	基礎体力I
SkillTree.Node.Center.Desc	育成開始時のHPが+{0}
SkillTree.Node.StartingHp.Name	基礎体力II
SkillTree.Node.StartingHp.Desc	育成開始時のHPが+{0}
SkillTree.Node.StartingHp2.Name	基礎体力III
SkillTree.Node.StartingHp2.Desc	育成開始時のHPが+{0}
SkillTree.Node.StartingHp3.Name	基礎体力IV
SkillTree.Node.StartingHp3.Desc	育成開始時のHPが+{0}
SkillTree.Node.StartingAttack.Name	基礎攻撃I
SkillTree.Node.StartingAttack.Desc	育成開始時の攻撃が+{0}
SkillTree.Node.StartingAttack2.Name	基礎攻撃II
SkillTree.Node.StartingAttack2.Desc	育成開始時の攻撃が+{0}
SkillTree.Node.StartingAttack3.Name	基礎攻撃III
SkillTree.Node.StartingAttack3.Desc	育成開始時の攻撃が+{0}
SkillTree.Node.StartingDefense.Name	基礎防御I
SkillTree.Node.StartingDefense.Desc	育成開始時の防御が+{0}
SkillTree.Node.StartingDefense2.Name	基礎防御II
SkillTree.Node.StartingDefense2.Desc	育成開始時の防御が+{0}
SkillTree.Node.StartingDefense3.Name	基礎防御III
SkillTree.Node.StartingDefense3.Desc	育成開始時の防御が+{0}
SkillTree.Node.StartingSpeed.Name	基礎速度I
SkillTree.Node.StartingSpeed.Desc	育成開始時の速度が+{0}
SkillTree.Node.StartingSpeed2.Name	基礎速度II
SkillTree.Node.StartingSpeed2.Desc	育成開始時の速度が+{0}
SkillTree.Node.StartingSpeed3.Name	基礎速度III
SkillTree.Node.StartingSpeed3.Desc	育成開始時の速度が+{0}
SkillTree.Node.StartingHit.Name	基礎命中I
SkillTree.Node.StartingHit.Desc	育成開始時の命中が+{0}
SkillTree.Node.StartingHit2.Name	基礎命中II
SkillTree.Node.StartingHit2.Desc	育成開始時の命中が+{0}
SkillTree.Node.StartingHit3.Name	基礎命中III
SkillTree.Node.StartingHit3.Desc	育成開始時の命中が+{0}
SkillTree.Node.StartingAll.Name	総合強化I
SkillTree.Node.StartingAll.Desc	育成開始時の全ステが+{0}
SkillTree.Node.StartingAll2.Name	総合強化II
SkillTree.Node.StartingAll2.Desc	育成開始時の全ステが+{0}
SkillTree.Node.StartingAll3.Name	総合強化III
SkillTree.Node.StartingAll3.Desc	育成開始時の全ステが+{0}
SkillTree.Node.GreatSuccess1.Name	集中力I
SkillTree.Node.GreatSuccess1.Desc	訓練の大成功率が+{0}%
SkillTree.Node.GreatSuccess2.Name	集中力II
SkillTree.Node.GreatSuccess2.Desc	訓練の大成功率が+{0}%
SkillTree.Node.GreatSuccess3.Name	熟練I
SkillTree.Node.GreatSuccess3.Desc	訓練の大成功率が+{0}%
SkillTree.Node.GreatSuccess4.Name	熟練II
SkillTree.Node.GreatSuccess4.Desc	訓練の大成功率が+{0}%
SkillTree.Node.GreatSuccess5.Name	達人の境地
SkillTree.Node.GreatSuccess5.Desc	訓練の大成功率が+{0}%
SkillTree.Node.StartingMoney1.Name	お小遣いI
SkillTree.Node.StartingMoney1.Desc	育成開始時の所持金が+{0}G
SkillTree.Node.StartingMoney2.Name	お小遣いII
SkillTree.Node.StartingMoney2.Desc	育成開始時の所持金が+{0}G
SkillTree.Node.StartingMoney3.Name	貯金上手I
SkillTree.Node.StartingMoney3.Desc	育成開始時の所持金が+{0}G
SkillTree.Node.StartingMoney4.Name	貯金上手II
SkillTree.Node.StartingMoney4.Desc	育成開始時の所持金が+{0}G
SkillTree.Node.TrainingMoney1.Name	賞金稼ぎI
SkillTree.Node.TrainingMoney1.Desc	育成中の獲得金が+{0}%
SkillTree.Node.TrainingMoney2.Name	賞金稼ぎII
SkillTree.Node.TrainingMoney2.Desc	育成中の獲得金が+{0}%
SkillTree.Node.TrainingMoney3.Name	大口取引I
SkillTree.Node.TrainingMoney3.Desc	育成中の獲得金が+{0}%
SkillTree.Node.TrainingMoney4.Name	大口取引II
SkillTree.Node.TrainingMoney4.Desc	育成中の獲得金が+{0}%
SkillTree.Node.TrainingMoney5.Name	商売の極み
SkillTree.Node.TrainingMoney5.Desc	育成中の獲得金が+{0}%
SkillTree.Node.PointsGain1.Name	戦果の知恵I
SkillTree.Node.PointsGain1.Desc	対戦で得るポイントが+{0}%
SkillTree.Node.PointsGain2.Name	戦果の知恵II
SkillTree.Node.PointsGain2.Desc	対戦で得るポイントが+{0}%
SkillTree.Node.PointsGain3.Name	戦果の極みI
SkillTree.Node.PointsGain3.Desc	対戦で得るポイントが+{0}%
SkillTree.Node.PointsGain4.Name	戦果の極みII
SkillTree.Node.PointsGain4.Desc	対戦で得るポイントが+{0}%
SkillTree.Node.PointsGain5.Name	戦果の覇者
SkillTree.Node.PointsGain5.Desc	対戦で得るポイントが+{0}%
SkillTree.Node.Inheritance1.Name	血脈の力I
SkillTree.Node.Inheritance1.Desc	継承のステ上昇率が+{0}%
SkillTree.Node.Inheritance2.Name	血脈の力II
SkillTree.Node.Inheritance2.Desc	継承のステ上昇率が+{0}%
SkillTree.Node.Inheritance3.Name	血脈の覚醒I
SkillTree.Node.Inheritance3.Desc	継承のステ上昇率が+{0}%
SkillTree.Node.Inheritance4.Name	血脈の覚醒II
SkillTree.Node.Inheritance4.Desc	継承のステ上昇率が+{0}%
SkillTree.Node.Inheritance5.Name	血脈の極み
SkillTree.Node.Inheritance5.Desc	継承のステ上昇率が+{0}%
SkillTree.Node.StartingHp4.Name	基礎体力V
SkillTree.Node.StartingHp4.Desc	育成開始時のHPが+{0}
SkillTree.Node.StartingHp5.Name	基礎体力VI
SkillTree.Node.StartingHp5.Desc	育成開始時のHPが+{0}
SkillTree.Node.StartingHp6.Name	基礎体力VII
SkillTree.Node.StartingHp6.Desc	育成開始時のHPが+{0}
SkillTree.Node.StartingHp7.Name	基礎体力VIII
SkillTree.Node.StartingHp7.Desc	育成開始時のHPが+{0}
SkillTree.Node.StartingAttack4.Name	基礎攻撃IV
SkillTree.Node.StartingAttack4.Desc	育成開始時の攻撃が+{0}
SkillTree.Node.StartingAttack5.Name	基礎攻撃V
SkillTree.Node.StartingAttack5.Desc	育成開始時の攻撃が+{0}
SkillTree.Node.StartingAttack6.Name	基礎攻撃VI
SkillTree.Node.StartingAttack6.Desc	育成開始時の攻撃が+{0}
SkillTree.Node.StartingDefense4.Name	基礎防御IV
SkillTree.Node.StartingDefense4.Desc	育成開始時の防御が+{0}
SkillTree.Node.StartingDefense5.Name	基礎防御V
SkillTree.Node.StartingDefense5.Desc	育成開始時の防御が+{0}
SkillTree.Node.StartingDefense6.Name	基礎防御VI
SkillTree.Node.StartingDefense6.Desc	育成開始時の防御が+{0}
SkillTree.Node.StartingSpeed4.Name	基礎速度IV
SkillTree.Node.StartingSpeed4.Desc	育成開始時の速度が+{0}
SkillTree.Node.StartingSpeed5.Name	基礎速度V
SkillTree.Node.StartingSpeed5.Desc	育成開始時の速度が+{0}
SkillTree.Node.StartingSpeed6.Name	基礎速度VI
SkillTree.Node.StartingSpeed6.Desc	育成開始時の速度が+{0}
SkillTree.Node.StartingHit4.Name	基礎命中IV
SkillTree.Node.StartingHit4.Desc	育成開始時の命中が+{0}
SkillTree.Node.StartingHit5.Name	基礎命中V
SkillTree.Node.StartingHit5.Desc	育成開始時の命中が+{0}
SkillTree.Node.StartingHit6.Name	基礎命中VI
SkillTree.Node.StartingHit6.Desc	育成開始時の命中が+{0}
SkillTree.Node.StartingAll4.Name	総合強化IV
SkillTree.Node.StartingAll4.Desc	育成開始時の全ステが+{0}
SkillTree.Node.StartingAll5.Name	総合強化V
SkillTree.Node.StartingAll5.Desc	育成開始時の全ステが+{0}
SkillTree.Node.GreatSuccess6.Name	熟練III
SkillTree.Node.GreatSuccess6.Desc	訓練の大成功率が+{0}%
SkillTree.Node.GreatSuccess7.Name	達人I
SkillTree.Node.GreatSuccess7.Desc	訓練の大成功率が+{0}%
SkillTree.Node.GreatSuccess8.Name	達人II
SkillTree.Node.GreatSuccess8.Desc	訓練の大成功率が+{0}%
SkillTree.Node.GreatSuccess9.Name	極意I
SkillTree.Node.GreatSuccess9.Desc	訓練の大成功率が+{0}%
SkillTree.Node.GreatSuccess10.Name	極意II
SkillTree.Node.GreatSuccess10.Desc	訓練の大成功率が+{0}%
SkillTree.Node.StartingMoney5.Name	貯金上手III
SkillTree.Node.StartingMoney5.Desc	育成開始時の所持金が+{0}G
SkillTree.Node.StartingMoney6.Name	財力I
SkillTree.Node.StartingMoney6.Desc	育成開始時の所持金が+{0}G
SkillTree.Node.StartingMoney7.Name	財力II
SkillTree.Node.StartingMoney7.Desc	育成開始時の所持金が+{0}G
SkillTree.Node.StartingMoney8.Name	財力III
SkillTree.Node.StartingMoney8.Desc	育成開始時の所持金が+{0}G
SkillTree.Node.TrainingMoney6.Name	大口取引III
SkillTree.Node.TrainingMoney6.Desc	育成中の獲得金が+{0}%
SkillTree.Node.TrainingMoney7.Name	商売上手I
SkillTree.Node.TrainingMoney7.Desc	育成中の獲得金が+{0}%
SkillTree.Node.TrainingMoney8.Name	商売上手II
SkillTree.Node.TrainingMoney8.Desc	育成中の獲得金が+{0}%
SkillTree.Node.TrainingMoney9.Name	商売上手III
SkillTree.Node.TrainingMoney9.Desc	育成中の獲得金が+{0}%
SkillTree.Node.TrainingMoney10.Name	商売の神髄
SkillTree.Node.TrainingMoney10.Desc	育成中の獲得金が+{0}%
SkillTree.Node.PointsGain6.Name	戦果の覇者II
SkillTree.Node.PointsGain6.Desc	対戦で得るポイントが+{0}%
SkillTree.Node.PointsGain7.Name	戦果の覇者III
SkillTree.Node.PointsGain7.Desc	対戦で得るポイントが+{0}%
SkillTree.Node.PointsGain8.Name	戦果の伝説I
SkillTree.Node.PointsGain8.Desc	対戦で得るポイントが+{0}%
SkillTree.Node.PointsGain9.Name	戦果の伝説II
SkillTree.Node.PointsGain9.Desc	対戦で得るポイントが+{0}%
SkillTree.Node.PointsGain10.Name	戦果の伝説III
SkillTree.Node.PointsGain10.Desc	対戦で得るポイントが+{0}%
SkillTree.Node.Inheritance6.Name	血脈の極みII
SkillTree.Node.Inheritance6.Desc	継承のステ上昇率が+{0}%
SkillTree.Node.Inheritance7.Name	血脈の極みIII
SkillTree.Node.Inheritance7.Desc	継承のステ上昇率が+{0}%
SkillTree.Node.Inheritance8.Name	血脈の伝説I
SkillTree.Node.Inheritance8.Desc	継承のステ上昇率が+{0}%
SkillTree.Node.Inheritance9.Name	血脈の伝説II
SkillTree.Node.Inheritance9.Desc	継承のステ上昇率が+{0}%
SkillTree.Node.Inheritance10.Name	血脈の伝説III
SkillTree.Node.Inheritance10.Desc	継承のステ上昇率が+{0}%
ClayEdit.ClayGuide	【成形操作】\n左ドラッグ:盛る\nCtrl+左/右ドラッグ:削る\nホイール:ブラシサイズ\nShift+ドラッグ:深度固定\nAlt+ドラッグ:カメラ\nCtrl+Z/Y:取消/やり直し\nDel:全削除
ClayEdit.PaintGuide	【ペイント操作】\n左ドラッグ:塗る\nホイール:ブラシサイズ\nShift+ドラッグ:深度固定\nAlt+ドラッグ:カメラ\nCtrl+Z/Y:取消/やり直し\n色選択:カラーピッカー
Training.LearnedMove	技を覚えました\nスロット{slot}: {name}
Training.ChooseLearnSlot	技「{name}」を覚えるスロットを選んでください
Training.InvalidSwapSlot	入れ替えスロットが無効です
Training.SwappedMove	技を入れ替えました\nスロット{slot}: {name}
Training.FleeAmbush	【強敵急襲】\n{name}から逃げ出した
Training.WinAmbush	【強敵急襲】\n{name}に勝利した
Training.LoseAmbush	【強敵急襲】\n{name}に敗北した\nやる気が下がった
Training.LoseAfterSchool	放課後の戦闘に敗北した\nやる気が下がった
Training.Location.ScienceLab	理科室
Training.Location.HomeEcRoom	家庭科室
Training.Location.CraftRoom	図工室
Training.Location.Library	図書室
Training.Location.MusicRoom	音楽室
Training.Location.Gymnasium	体育館
Training.Location.PrincipalOffice	校長室
Training.Period.FirstHour	1時間目
Training.Period.SecondHour	2時間目
Training.Period.MorningBreak	中休み
Training.Period.ThirdHour	3時間目
Training.Period.FourthHour	4時間目
Training.Period.LunchBreak	昼休み
Training.Period.FifthHour	5時間目
Training.Period.SixthHour	6時間目
Training.Period.AfterSchool	放課後
Training.Day.Monday	月曜日
Training.Day.Tuesday	火曜日
Training.Day.Wednesday	水曜日
Training.Day.Thursday	木曜日
Training.Day.Friday	金曜日
Training.Command.Train	訓練
Training.Command.SpecialTrain	特訓
Training.Command.Rest	休憩
Training.Command.Shop	売店
Training.Command.UseItem	アイテム
Training.Command.Tournament	大会
Training.Focus.Hp	HP訓練
Training.Focus.Attack	攻撃訓練
Training.Focus.Defense	防御訓練
Training.Focus.Speed	速さ訓練
Training.Focus.Hit	命中訓練
Training.Prompt.Command	この時間の行動を選んでください
Training.Prompt.Focus	伸ばすステータスを選んでください
Training.Prompt.Shop	買いたい商品を選んでください
Training.Prompt.Inventory	使うアイテムを選んでください
Training.Prompt.Location	行き先を選んでください
Training.Hud.Stamina	体力 {current} / {max}
Training.Hud.MoneyShop	所持金 {money}G
Training.Hud.MoneyLabel	所持金
Training.Hud.Price	価格 {price}G
Training.Hud.DayStarted	{day}が始まりました
Training.Log.ModelLoadFailed	モデルの読み込みに失敗しました
Training.Log.LunchStart	昼休みになった\n売店で買い物ができる
Training.Log.LunchEnd	昼休みが終わった
Training.Log.ShopOnlyLunch	売店は昼休みにだけ利用できる
Training.Log.BallThrowHint	ボールを長押しして離すと投げる
Training.Log.AutoTraining	自動育成を実行中...
Training.Log.ReturnToTitle	タイトル
Training.Log.AfterSchoolNoOpponent	放課後の対戦相手が見つかりませんでした
Training.Log.AfterSchoolStart	放課後の戦闘\n{name}との対戦が始まります
Training.Log.AfterSchoolStartFailed	放課後の戦闘を開始できませんでした
Training.Log.AfterSchoolWin	放課後の戦闘に勝利した\n体力+{stamina}
Training.Log.RewardMoney	 賞金+{reward}G
Training.Log.NoNewMove	出会いがあったが新しい技はなかった
Training.Log.MeetTitle	出会い
Training.Log.MeetLearnChance	新しい技「{name}」を覚えるチャンスです
Training.Log.AmbushWinTail	\n賞金+{reward}G\nHP+{hp} 攻撃+{atk} 防御+{def} 速度+{spd} 命中+{hit}
Training.Log.EnemyDefault	敵
Training.Log.ActionFailLowStamina	{name}は体力不足で失敗した
Training.Log.ActionFail	{name}は失敗した
Training.Log.MotivationDown	やる気が下がった
Training.Log.MotivationUp	やる気が上がった
Training.Log.RestGreat	休憩大成功
Training.Log.RestOk	休憩
Training.Log.RestRecover	{title}で体力回復 {before}→{after}
Training.Log.GreatSuccess	大成功
Training.Log.Success	成功
Training.Log.FoundItem	運よく{name}を拾った
Training.Log.StatNone	ステ上昇なし
Training.Log.StatHp	HP+{value}
Training.Log.StatAtk	攻撃+{value}
Training.Log.StatDef	防御+{value}
Training.Log.StatSpd	速度+{value}
Training.Log.StatHit	命中+{value}
Training.Shop.NoSession	セッションがありません
Training.Shop.NoItem	商品がありません
Training.Shop.NotEnoughMoney	所持金が足りない({have}G/{price}G)
Training.Shop.Purchased	{name}を購入した\n所持へ追加\n残り{money}G
Training.Shop.ItemNotFound	アイテムが見つからない
Training.Shop.NotOwned	{name}を持っていない
Training.Shop.UsedMotivated	{name}を使った\nやる気が上昇した
Training.Shop.Used	{name}を使った
Training.Shop.stamina_drink.Name	栄養ドリンク
Training.Shop.stamina_full.Name	完全回復薬
Training.Shop.stat_hp.Name	HP強化剤
Training.Shop.stat_attack.Name	攻撃強化剤
Training.Shop.stat_defense.Name	防御強化剤
Training.Shop.stat_speed.Name	速さ強化剤
Training.Shop.stat_hit.Name	命中強化剤
Training.Shop.train_boost.Name	カクリツン
Training.Shop.train_boost_strong.Name	カクリツン改
Training.Shop.motivation_tennis.Name	テニスボール
Training.Shop.motivation_boost.Name	サッカーボール
Training.Attack.Power	威力
Training.Attack.Cost	コスト
Training.Attack.Hit	命中
Training.Attack.Recovery	硬直
Training.Attack.WindUp	溜め
Training.Attack.Seconds	秒
Training.Attack.Destroy	破壊
Training.Attack.Current	現在
Training.Attack.Learn	習得
Training.Attack.NameLabel	攻撃名
Training.Attack.ReqPart	必要部位
Training.Attack.DestroyPart	破壊部位
Training.Attack.Damage	ダメージ
Training.Attack.Range	間合い
Training.Attack.PartMagic	汎用技
Training.Attack.PartArm	腕技
Training.Attack.PartLeg	脚技
Training.Attack.PartFront	前技
Training.Attack.PartBack	後技
Training.Attack.PartBody	体技
Training.Preview.Expected	期待値
Training.Preview.Stamina	体力 {value}
Training.Preview.FailRate	失敗率 {value}%
Training.Preview.None	なし
Training.Preview.Rest	休憩\n体力+{base}(大成功で+{great} やる気+{mot})
Training.Preview.StatAtk	攻撃
Training.Preview.StatDef	防御
Training.Preview.StatSpd	速度
Training.Preview.StatHit	命中
Common.Empty	空き
ClayEdit.ClayGuideIcons	【成形操作】\n{I:MouseLeft} ドラッグ : 盛る\n{W:KeyCtrl}+{I:MouseLeft} ドラッグ : 削る\n{I:MouseRight} ドラッグ : 削る\n{I:MouseWheel} : ブラシサイズ変更\n{W:KeyShift}+ドラッグ : 深度固定\n{W:KeyAlt}+ドラッグ : カメラ操作\n{W:KeyCtrl}+{I:KeyZ} : 取り消し\n{W:KeyCtrl}+{I:KeyY} : やり直し\n{W:KeyDel} : 全削除
Training.Shop.stat_speed.Desc	速度+6
Training.Shop.stat_hit.Desc	命中+6
Training.Shop.train_boost.Desc	大成功率アップ(数日間)
Training.Shop.stat_defense.Desc	防御+6
Training.Shop.motivation_boost.Desc	やる気が上がる
Training.Shop.stat_hp.Desc	HP+8
Training.Shop.stat_attack.Desc	攻撃+6
Training.Shop.train_boost_strong.Desc	大成功率アップ(強・数日間)
Training.Shop.stamina_drink.Desc	体力+25
Training.Shop.motivation_tennis.Desc	やる気が上がる
Training.Shop.stamina_full.Desc	体力を全回復
Training.Motivation.VeryLow	絶不調
Training.Motivation.Low	不調
Training.Motivation.Normal	普通
Training.Motivation.High	絶好調
Training.Event.LearnTitle	技習得イベント
Training.Event.LearnMessage	新しい技「{name}」を覚えるチャンスです\n入れ替えるスロットを選んでください
Training.Event.StatTitle	特訓イベント
Training.Event.StatMessage	HP+{hp} 攻撃+{atk} 防御+{def} 速度+{spd} 命中+{hit}
Training.Shop.Title	売店
Training.Inventory.Title	所持アイテム
Training.Shop.NextPage	次のページ
Training.Shop.OpenInventory	所持
Battle.PartLocked	部位が破壊されています
Battle.RoleRequired	要
Battle.RoleTarget	破
Battle.UsePartLabel	使用部位:
Battle.BreakPartLabel	破壊部位:
Battle.RadarAttack	攻撃
Battle.RadarDefense	防御
Battle.RadarSpeed	速さ
Battle.RadarHit	命中
Save.TrainedPool	育成済み
Save.UntrainedPool	未育成
Save.EnemyPool	敵
Save.Complete	セーブが完了しました
Save.UnnamedModel	名称未設定
Save.Summary.Params	【パラメータ】
Save.Summary.Attacks	【攻撃】
Save.Summary.RegisteredAttacks	【登録される攻撃】
Save.Summary.None	なし
Save.Summary.NoAttacks	攻撃なし
Save.Summary.Power	威力
Save.Summary.Cost	コスト
Save.Summary.Damage	ダメージ: 
Save.Summary.CostLabel	コスト: 
Save.Summary.AndMore	 他{count}
SkillTree.Points	{points} ポイント
BattlePvp.RoomCodeCopied	参加コード: {code}\nコピーしました
BattlePvp.Connecting	接続中…
BattlePvp.ModelTimeout	相手モデルの受信がタイムアウトしました ({seconds}秒)
BattlePvp.ModelTooLarge	モデルが大きすぎて送信できません ({sizeMb}MB / 上限{maxMb}MB)
BattlePvp.SlotTimeout	相手のスロット選択待ちがタイムアウトしました ({seconds}秒)
BattlePvp.MatchupTimeout	対戦開始準備待ちがタイムアウトしました ({seconds}秒)
BattlePvp.StagingTimeout	相手の見せ合い準備待ちがタイムアウトしました ({seconds}秒)
BattlePvp.SessionAborted	相手が対戦準備を中断しました
BattlePvp.NetworkLost	通信が切断されたため対戦を中断しました
BattlePvp.TransferAckTimeout	相手のモデル受信確認がタイムアウトしました ({seconds}秒)
BattlePvp.RematchTimeout	相手の再戦準備待ちがタイムアウトしました ({seconds}秒)
Training.Debug.NoSession	進行中の育成セッションがありません
Training.Debug.UnknownItem	未知のアイテムIDです: {id}
Training.Debug.ItemAdded	{name}を{count}個追加しました
Training.Motivation.LabelWithGlyph	やる気　{glyph}
ClayEdit.PaintGuideIcons	【ペイント操作】\n{I:MouseLeft} ドラッグ : 塗る\n{I:MouseWheel} : ブラシサイズ変更\n{W:KeyShift}+ドラッグ : 深度固定\n{W:KeyAlt}+ドラッグ : カメラ操作\n{W:KeyCtrl}+{I:KeyZ} : 取り消し\n{W:KeyCtrl}+{I:KeyY} : やり直し\n色選択 : カラーピッカー
Battle.TipsBodyIcons	【操作】\n{I:KeyA} / {I:KeyLeft} : 後退\n{I:KeyD} / {I:KeyRight} : 接近\n{W:KeyShift}+{I:KeyA}/{I:KeyD} : ステップ移動\n{I:Key1}〜{I:Key4} : 技を出す\n{I:KeySpace} : ふきとばし\n{I:MouseRight} 長押し : 部位復旧\n\n【戦闘の基本】\n・コストを溜めて技を使います\n・技ごとに間合いと威力が違います\n・同じ技ボタンでカウンターできます\n・部位を破壊すると相手が弱体化し、\n　破壊された部位を使用する技が使えなくなります。
Battle.TipsEscHintIcons	{E:KeyEsc} でチュートリアル表示
Battle.HintPartRepairIcons	{I:MouseRight}長押しで部位復旧
Battle.HintKnockbackReadyIcons	ふきとばし可能 {I:KeySpace}
BattlePvp.JoinCodeLabel	参加コード: {code}
BattlePvp.CreatingRoom	ルームを作成しています…
BattlePvp.ShareJoinCode	参加コード: {code}\n相手にこのコードを伝えてください
BattlePvp.ConnectedOpponent	対戦相手と接続しました
BattlePvp.NeedJoinCode	参加コードを入力してください
BattlePvp.JoiningRoom	ルームへ接続しています…
BattlePvp.SearchingOpponent	対戦相手を探しています…
BattlePvp.WaitingOpponentJoin	対戦相手の参加を待っています…
BattlePvp.WaitingHostReady	ホストの準備を待っています…
BattlePvp.ServicesSetup	Unity Gaming Servicesが未設定です。UnityエディタでEdit > Project Settings > Servicesからプロジェクトをリンクし、DashboardでAuthentication・Lobby・Relayを有効化してください
BattlePvp.UnknownError	不明なエラーが発生しました
BattlePvp.MatchmakingError	マッチングエラー: {message}
BattlePvp.NetworkManagerMissing	NetworkManagerが見つかりません
BattlePvp.UnityTransportMissing	UnityTransportが設定されていません
BattlePvp.RelayHostFailed	Relayホストの開始に失敗しました
BattlePvp.RelayClientFailed	Relayクライアントの開始に失敗しました
Save.Summary.RangeLabel	範囲:
Save.Summary.StatsBlock	HP {hp}\n攻撃 {atk}\n防御 {def}\n速度 {spd}\n命中 {hit}
Save.Summary.StatsCompact	HP{hp} 攻撃{atk} 防御{def} 速度{spd} 命中{hit} / {attacks}
Save.Summary.DetailStatLine	HP {hp} / 攻撃 {atk} / 防御 {def} / 速度 {spd} / 命中 {hit}
Save.Summary.AttackMeta	({part}/{range}/威力{power}/コスト{cost})
ModelGallery.EmptySlot	空きスロット
Training.Hover.ShopLeave	売店を離れる
Training.Hover.ShopNextPage	次の商品ページを表示する
Training.Hover.OpenInventory	所持アイテムを使う
Training.Hover.CloseInventory	所持一覧を閉じる
Training.Hover.InventoryNextPage	次の所持ページを表示する
Training.Hover.BackToCommand	行動選択へ戻る
Training.Hover.Train	訓練ごとに体力消費が異なる 成功/大成功でステ上昇
Training.Hover.SpecialTrain	特訓ごとに体力消費が異なる 大幅にステ上昇
Training.Hover.Rest	体力+{base}(大成功で+{great} やる気+{mot})
Training.Hover.Shop	昼休みにだけ利用できる売店
Training.Hover.UseItem	所持アイテムを使う(時間は消費しない)
Training.Hover.Tournament	対戦に勝利すると賞金と体力回復
Training.Hover.FailRate	失敗率 {value}%
Training.Hover.StaminaCost	体力-{value}
Training.Hover.FailRateLine	\n失敗率 {value}%
Training.Hud.Continue	続ける
Training.Hud.BackToTitle	タイトルへ戻る
ModelGallery.OverwriteConfirm	既存のセーブデータに上書き保存しますか？
ModelGallery.SaveToSlotConfirm	このスロットに保存しますか？
LoadSlot.PlayerInstruction	あなたのモンスターを選択してください
LoadSlot.EnemyInstruction	敵のモンスターを選択してください
Title.NoTrainedModel	育成済みのモンスターがありません
Title.NoUntrainedModel	モンスターを作成してください
Common.Save	保存
Common.Decide	決定
Training.ModeSelectBody	じっくり育成は1〜6時間目の行動を自分で選びます\n昼休みは売店放課後は戦闘です\n自動育成は{days}日間を自動で進行します
Training.Inheritance.NoBonus	ボーナスなしで育成を開始します
Training.Inheritance.BonusStats	ボーナス HP+{hp} 攻撃+{atk} 防御+{def} 速度+{spd} 命中+{hit}
Training.Inheritance.AttackCandidate	継承技{n}: {name}
Training.Inheritance.ContinueSwap	続けて技の入れ替えスロットを選んでください
Training.Inheritance.ParentDefault	継承元
Training.Inheritance.ParentPreview	{name}\n継承上昇 HP+{hp} 攻撃+{atk} 防御+{def} 速度+{spd} 命中+{hit}
Training.Inheritance.PickHeader1	継承する育成済みモンスターを2体選んでください(1体目)
Training.Inheritance.PickHeader2	継承する育成済みモンスターを2体選んでください(2体目)
Training.Inheritance.ConfirmPick	継承元{pickNumber}体目\nステータスを確認して決定してください
Training.Resume.ScheduleWithMoney	{schedule}, 所持金 {money}G
Training.Resume.MotivationLabel	やる気
Training.Resume.StaminaLabel	, 体力 {stamina} / {max}
Training.Resume.Stats	HP {hp}\n攻撃 {atk}\n防御 {def}\n速度 {spd}\n命中 {hit}
Training.Resume.SummaryBody	{schedule}, 所持金 {money}G\nやる気{glyph} 体力{stamina}/{max}\nHP {hp} 攻撃 {atk} 防御 {def} 速度 {spd} 命中 {hit}
BattlePvp.LobbyTitle	通信対戦
BattlePvp.DirectMatch	特定の相手と対戦
BattlePvp.RandomMatch	不特定の相手と対戦
BattlePvp.CreateRoom	ルームを作成
BattlePvp.JoinRoom	ルームに参加
BattlePvp.StartMatch	マッチング開始
BattlePvp.Matching	マッチング中
BattlePvp.CopyCode	コードをコピー
BattlePvp.JoinCodePlaceholder	参加コードを入力
BattlePvp.OpponentWaiting	相手の応答を待っています
Battle.Rematch	再戦
Battle.Start	開始
Battle.VictoryShort	勝利！
Battle.Vs	VS
Battle.Ready	Ready
Battle.Fight	Fight
Battle.Finish	Finish
Battle.Break	Break!
Battle.TipsTitle	戦闘チュートリアル
Training.ModeManual	じっくり育成
Training.ModeAuto	自動育成
Training.ResumeRestart	最初から育成
Training.ResumeContinue	続きから育成
Training.AmbushFight	戦う
Training.AmbushFlee	逃げる
ClayEdit.NewCreate	新規作成
ClayEdit.Remake	作り直す
ClayEdit.RemakeLong	モンスターを作り直す
ClayEdit.Save	保存
ClayEdit.SaveAsEnemy	敵として保存
ClayEdit.OverwriteSave	上書き保存
ClayEdit.Delete	削除
ClayEdit.DeleteConfirm	削除する
ClayEdit.SaveConfirm	保存しますか？
ClayEdit.LeaveWithoutSave	保存せずに戻りますか？
ClayEdit.LeaveWithoutSaveButton	保存せず戻る
ClayEdit.NamePrompt	名前を付けてください
ClayEdit.SculptMode	成形
ClayEdit.ShowGuide	操作説明を表示
ClayEdit.Idle	待機
ClayEdit.Run	走る
ClayEdit.Attack	攻撃
LoadSlot.Load	決定
LoadSlot.ConfirmLoad	このモデルをロードしますか？
ModelGallery.TabPost	投稿
ModelGallery.TabBrowse	閲覧
ModelGallery.SortRandom	ランダム
ModelGallery.SortMonthly	月間ランキング
ModelGallery.SortOverall	総合ランキング
ModelGallery.Refresh	更新
ModelGallery.Publish	投稿する
ModelGallery.Download	ダウンロード
ModelGallery.Prev	前へ
ModelGallery.Next	次へ
ModelGallery.ModelName	モデル名
ModelGallery.PointsInsufficient	ポイントが不足しています
ModelGallery.HeldPoints	所持: {points} ポイント
ModelGallery.CostPoints	消費: {points} ポイント
ModelGallery.SaveDestEmpty	保存先: 空きスロット
ModelGallery.SelectSaveSlot	保存先スロットを選択
SkillTree.Title	スキルツリー
SkillTree.Skill	スキル
SkillTree.BonusEffects	獲得効果
SkillTree.BonusEffectsHeader	【獲得効果】
ClayEdit.PaintMode	塗る
ClayEdit.AnimationMode	動かす
ClayEdit.BackgroundColor	背景色
Battle.MatchupStatus	ステータス
Training.SwapSkip	入れ替えない
Training.Hud.Interrupt	中断して保存
Enemy.Name.0	くれもん
Enemy.Name.1	一つ目スライム
Enemy.Name.2	ハコブタ
Enemy.Name.3	カメゴン
Enemy.Name.4	ダークドラゴン
Enemy.Name.5	サメくん
Enemy.Name.6	ギョギョーギョ
Enemy.Name.7	モギュラ
Enemy.Name.8	スパイダー
Enemy.Name.9	闇騎士
Enemy.Name.10	バット
Enemy.Name.11	ミイラ男
Enemy.Name.12	ゴーレム
Enemy.Name.13	イエローリザード
Enemy.Name.14	ブルーリザード
Enemy.Name.15	Jammo
Enemy.Name.16	サボテンマン
Enemy.Name.17	魔サイ
Enemy.Name.18	グリーンリザード
Enemy.Name.19	レッドリザード
Enemy.Name.20	マッシュ
Enemy.Name.21	ミノタウロス
Enemy.Name.22	タイガー
Enemy.Name.23	ぷぅ
Enemy.Name.24	ガンナーロボ
Training.Status.Desc.Hp	HP\n戦闘中の体力。0になると敗北する
Training.Status.Desc.Attack	攻撃\n与えるダメージに影響する
Training.Status.Desc.Defense	防御\n受けるダメージを軽減する
Training.Status.Desc.Speed	速度\n移動と技のリキャスト時間と回避率に影響する
Training.Status.Desc.Hit	命中\n技の命中率に影響する
